{"loss": [2.2482473850250244, 0.7977588176727295, 0.29761868715286255, 0.08246145397424698, 0.026635734364390373, 0.013288094662129879, 0.00919349119067192, 0.007147867698222399, 0.005926512181758881, 0.005055380053818226, 0.004434208385646343, 0.004291443154215813, 0.006960056256502867, 0.004060923121869564, 0.00311153382062912, 0.00446992926299572, 0.003062219824641943, 0.00238860328681767, 0.0021172212436795235, 0.0019795133266597986, 0.0018294539768248796, 0.0017269679810851812, 0.0016332505038008094, 0.001556014409288764, 0.001477216137573123, 0.0013904677471145988, 0.0013444387586787343, 0.0012796088121831417, 0.001221001730300486, 0.0011858881916850805, 0.001117936335504055, 0.0010973697062581778, 0.0010500912321731448, 0.00100504863075912, 0.0010157274082303047, 0.0009925420163199306, 0.0013760558795183897, 0.0010024613002315164, 0.000884329725522548, 0.0008496230584569275, 0.0008186851628124714, 0.0007940313662402332, 0.000767600373364985, 0.0007539669168181717, 0.0008931868360377848, 0.0033690077252686024, 0.0010790129890665412, 0.0008195878472179174, 0.0007259042467921972, 0.000716151378583163], "accuracy": [0.43533334136009216, 0.7739166617393494, 0.9281666874885559, 0.9894999861717224, 0.9983333349227905, 0.999916672706604, 1.0, 1.0, 1.0, 1.0, 1.0, 1.0, 0.999750018119812, 0.999833345413208, 1.0, 0.999833345413208, 0.999916672706604, 1.0, 1.0, 1.0, 1.0, 1.0, 1.0, 1.0, 1.0, 1.0, 1.0, 1.0, 1.0, 1.0, 1.0, 1.0, 1.0, 1.0, 1.0, 1.0, 0.999916672706604, 0.999916672706604, 1.0, 1.0, 1.0, 1.0, 1.0, 1.0, 0.999916672706604, 0.999666690826416, 1.0, 1.0, 1.0, 1.0], "val_loss": [3.145016670227051, 1.2437286376953125, 1.0685261487960815, 0.9266499876976013, 0.9159329533576965, 0.9277802109718323, 0.9378892779350281, 0.9501751661300659, 0.9592574238777161, 0.9669299721717834, 0.9751324653625488, 0.9907979965209961, 0.9959220290184021, 1.0066677331924438, 1.0070512294769287, 1.0102295875549316, 1.0146527290344238, 1.0176607370376587, 1.0227952003479004, 1.0272959470748901, 1.0299198627471924, 1.039212703704834, 1.0393712520599365, 1.0432149171829224, 1.0449949502944946, 1.0482953786849976, 1.0540798902511597, 1.0546914339065552, 1.0613205432891846, 1.0634013414382935, 1.0640019178390503, 1.0659046173095703, 1.0667694807052612, 1.0710786581039429, 1.0726231336593628, 1.0776946544647217, 1.0818079710006714, 1.0821470022201538, 1.0836491584777832, 1.0848301649093628, 1.0894160270690918, 1.0932704210281372, 1.09342360496521, 1.0969061851501465, 1.1095210313796997, 1.11969792842865, 1.1111854314804077, 1.1092990636825562, 1.1113611459732056, 1.1146098375320435], "val_accuracy": [0.2419871836900711, 0.6418997645378113, 0.6895396113395691, 0.7355769276618958, 0.7424242496490479, 0.7444638609886169, 0.7437354326248169, 0.7428613305091858, 0.7454836964607239, 0.743881106376648, 0.7418414950370789, 0.7419871687889099, 0.7434440851211548, 0.7384907007217407, 0.741550087928772, 0.7405303120613098, 0.7418414950370789, 0.7411130666732788, 0.7406759858131409, 0.7402389049530029, 0.7392191290855408, 0.7411130666732788, 0.7399475574493408, 0.7392191290855408, 0.742132842540741, 0.7398018836975098, 0.7384907007217407, 0.7398018836975098, 0.7387820482254028, 0.7390734553337097, 0.7396561503410339, 0.7400932312011719, 0.7403846383094788, 0.7409673929214478, 0.7376165390014648, 0.7405303120613098, 0.7387820482254028, 0.7386363744735718, 0.7389277219772339, 0.7386363744735718, 0.7376165390014648, 0.7380536198616028, 0.7377622127532959, 0.7386363744735718, 0.7360140085220337, 0.7331002354621887, 0.7354312539100647, 0.7336829900741577, 0.7333915829658508, 0.7341200709342957]}