{"loss": [3.954252004623413, 3.0560221672058105, 2.7760167121887207, 2.589060068130493, 2.4667184352874756, 2.3618335723876953, 2.2442538738250732, 2.168893337249756, 2.113670825958252, 2.025980234146118, 2.007689952850342, 1.9410316944122314, 1.916988730430603, 1.8975919485092163, 1.828495740890503, 1.804168939590454, 1.7732865810394287, 1.720381259918213, 1.7328189611434937, 1.6930415630340576], "accuracy": [0.1851041615009308, 0.40031251311302185, 0.4789583384990692, 0.5476041436195374, 0.5843750238418579, 0.6189583539962769, 0.6598958373069763, 0.6835416555404663, 0.6989583373069763, 0.7253124713897705, 0.7309374809265137, 0.7524999976158142, 0.7566666603088379, 0.7610416412353516, 0.7762500047683716, 0.7803124785423279, 0.7947916388511658, 0.8012499809265137, 0.7981250286102295, 0.809374988079071], "val_loss": [4.753726959228516, 1.6363444328308105, 1.4091349840164185, 1.2392808198928833, 1.3747822046279907, 1.3603708744049072, 1.5586543083190918, 1.1685973405838013, 1.3267977237701416, 1.1931577920913696, 1.394400954246521, 1.25839364528656, 1.2347304821014404, 1.4517549276351929, 1.526898980140686, 1.3611698150634766, 1.664799690246582, 1.3267042636871338, 1.3786895275115967, 1.2979689836502075], "val_accuracy": [0.027499999850988388, 0.5483333468437195, 0.596666693687439, 0.6487500071525574, 0.6187499761581421, 0.64041668176651, 0.5849999785423279, 0.6779166460037231, 0.6487500071525574, 0.6670833230018616, 0.6358333230018616, 0.6729166507720947, 0.67208331823349, 0.6345833539962769, 0.6237499713897705, 0.6462500095367432, 0.5816666483879089, 0.6633333563804626, 0.6462500095367432, 0.6733333468437195]}