{"loss": [3.848616123199463, 2.99292254447937, 2.712571620941162, 2.5530970096588135, 2.4318604469299316, 2.349508762359619, 2.2399098873138428, 2.1684653759002686, 2.131019353866577, 2.0724592208862305, 2.042496919631958, 2.0245325565338135, 1.9389292001724243, 1.9426900148391724, 1.913815975189209, 1.8730171918869019, 1.8593790531158447, 1.8476430177688599, 1.8334468603134155, 1.7934602499008179], "accuracy": [0.20791666209697723, 0.4319791793823242, 0.5268750190734863, 0.5893750190734863, 0.6373958587646484, 0.6737499833106995, 0.7117708325386047, 0.7380208373069763, 0.7487499713897705, 0.7712500095367432, 0.7827083468437195, 0.7877083420753479, 0.8167708516120911, 0.82010418176651, 0.8227083086967468, 0.8296874761581421, 0.83614581823349, 0.8389583230018616, 0.8385416865348816, 0.8525000214576721], "val_loss": [5.1956562995910645, 1.6262449026107788, 1.4930429458618164, 1.4356184005737305, 1.360201120376587, 1.3143863677978516, 1.2998493909835815, 1.3526312112808228, 1.2715630531311035, 1.2610408067703247, 1.4600822925567627, 1.317955732345581, 1.3790063858032227, 1.2851099967956543, 1.3385674953460693, 1.265454649925232, 1.493070125579834, 1.3458898067474365, 1.3347511291503906, 1.491758108139038], "val_accuracy": [0.007916666567325592, 0.5383333563804626, 0.590416669845581, 0.6037499904632568, 0.621666669845581, 0.6320833563804626, 0.6358333230018616, 0.6337500214576721, 0.6512500047683716, 0.6604166626930237, 0.6162499785423279, 0.6520833373069763, 0.64041668176651, 0.65625, 0.6524999737739563, 0.6675000190734863, 0.6179166436195374, 0.6612499952316284, 0.659583330154419, 0.625]}