{"loss": [2.430341958999634, 0.9912452101707458, 0.5268824100494385, 0.29057490825653076, 0.14870594441890717, 0.08990411460399628, 0.049698591232299805, 0.05660771206021309, 0.040610864758491516, 0.02232772298157215, 0.020922286435961723, 0.016285385936498642, 0.015130831860005856, 0.01710294373333454, 0.009389430284500122, 0.01342062745243311, 0.009820783510804176, 0.006635778583586216, 0.00701629463583231, 0.006985076237469912], "accuracy": [0.4089583456516266, 0.7233333587646484, 0.8612499833106995, 0.9312499761581421, 0.9730208516120911, 0.9864583611488342, 0.9938541650772095, 0.9928125143051147, 0.9954166412353516, 0.9981250166893005, 0.9986458420753479, 0.9990624785423279, 0.9991666674613953, 0.9981250166893005, 0.9996874928474426, 0.9988541603088379, 0.9991666674613953, 0.99979168176651, 0.9998958110809326, 0.99979168176651], "val_loss": [4.37894344329834, 1.2531460523605347, 1.1907974481582642, 1.0392154455184937, 1.1671353578567505, 1.0497455596923828, 1.0098135471343994, 1.0851340293884277, 1.0144586563110352, 1.0246295928955078, 1.0784541368484497, 1.039955973625183, 1.0300253629684448, 1.0918196439743042, 1.0315756797790527, 1.139109492301941, 1.0752973556518555, 1.0799636840820312, 1.0667779445648193, 1.0852068662643433], "val_accuracy": [0.06791666895151138, 0.6287500262260437, 0.659166693687439, 0.6916666626930237, 0.6645833253860474, 0.7074999809265137, 0.7162500023841858, 0.699999988079071, 0.7200000286102295, 0.7229166626930237, 0.7191666960716248, 0.7225000262260437, 0.7295833230018616, 0.7141666412353516, 0.7208333611488342, 0.7145833373069763, 0.7287499904632568, 0.7275000214576721, 0.73416668176651, 0.7291666865348816]}