{"loss": [3.2628116607666016, 2.178238868713379, 1.7689419984817505, 1.5529788732528687, 1.3391532897949219, 1.2856582403182983, 1.2002418041229248, 1.1587167978286743, 1.168328046798706, 1.1181159019470215, 1.0160852670669556, 1.0817289352416992, 1.026921272277832, 1.0134246349334717, 0.9813680052757263, 0.9114974141120911, 1.0209881067276, 0.9548840522766113, 0.9657862186431885, 0.9739936590194702], "accuracy": [0.2760416567325592, 0.5346875190734863, 0.65625, 0.7416666746139526, 0.8030208349227905, 0.8255208134651184, 0.8483333587646484, 0.8602083325386047, 0.862291693687439, 0.8631250262260437, 0.8848958611488342, 0.8814583420753479, 0.8932291865348816, 0.8916666507720947, 0.89864581823349, 0.90625, 0.8914583325386047, 0.9036458134651184, 0.901562511920929, 0.9035416841506958], "val_loss": [2.4090075492858887, 1.5646458864212036, 1.6450164318084717, 1.6902567148208618, 1.448225498199463, 1.481225609779358, 1.503750205039978, 1.3440186977386475, 1.6100187301635742, 1.3552571535110474, 1.4428837299346924, 1.5072052478790283, 1.474373698234558, 1.4228870868682861, 1.4987043142318726, 1.6210819482803345, 1.4348396062850952, 1.415493130683899, 1.4649356603622437, 1.52357017993927], "val_accuracy": [0.375, 0.5604166388511658, 0.5458333492279053, 0.5562499761581421, 0.5962499976158142, 0.5954166650772095, 0.5983333587646484, 0.6358333230018616, 0.5758333206176758, 0.6383333206176758, 0.6200000047683716, 0.6145833134651184, 0.621666669845581, 0.6258333325386047, 0.6058333516120911, 0.5833333134651184, 0.6258333325386047, 0.6387500166893005, 0.6254166960716248, 0.6166666746139526]}