{"loss": [2.3382463455200195, 0.772124707698822, 0.2922070324420929, 0.0974891260266304, 0.048192985355854034, 0.026070816442370415, 0.017810547724366188, 0.011186555027961731, 0.010237926617264748, 0.00819395761936903, 0.007011581212282181, 0.00536466296762228, 0.005389462225139141, 0.004137574229389429, 0.004036621190607548, 0.0038480572402477264, 0.0032117986120283604, 0.002975688548758626, 0.0026273776311427355, 0.0030325872357934713], "accuracy": [0.4344791769981384, 0.7904166579246521, 0.9340624809265137, 0.9884374737739563, 0.9965624809265137, 0.9986458420753479, 0.9995833039283752, 0.9995833039283752, 1.0, 0.9996874928474426, 0.9996874928474426, 1.0, 1.0, 1.0, 1.0, 1.0, 1.0, 1.0, 1.0, 1.0], "val_loss": [4.720563888549805, 1.2209959030151367, 1.0603115558624268, 0.9999276995658875, 0.9781901240348816, 0.9759857058525085, 0.9905658960342407, 0.9928980469703674, 1.002148985862732, 1.0124748945236206, 1.01249361038208, 1.0201849937438965, 1.0277084112167358, 1.0384621620178223, 1.0351744890213013, 1.0436068773269653, 1.0490273237228394, 1.0521918535232544, 1.0582069158554077, 1.0599267482757568], "val_accuracy": [0.029583333060145378, 0.6362500190734863, 0.6704166531562805, 0.6920833587646484, 0.6987500190734863, 0.7058333158493042, 0.7074999809265137, 0.706250011920929, 0.7054166793823242, 0.7054166793823242, 0.7108333110809326, 0.7099999785423279, 0.7087500095367432, 0.7108333110809326, 0.715833306312561, 0.7149999737739563, 0.7095833420753479, 0.7079166769981384, 0.7087500095367432, 0.7133333086967468]}