{"loss": [0.7016902565956116, 0.6219645738601685, 0.5644792914390564, 0.5084152221679688, 0.4371488094329834, 0.3844430148601532, 0.3141336143016815, 0.2474898099899292, 0.17577864229679108, 0.11917254328727722, 0.07808151096105576, 0.0543377511203289, 0.034702952951192856, 0.02451968751847744, 0.014110203832387924], "accuracy": [0.6107223629951477, 0.6719018816947937, 0.7121848464012146, 0.7491656541824341, 0.7927603125572205, 0.8260846138000488, 0.8657616972923279, 0.8976441621780396, 0.9326084852218628, 0.9564210176467896, 0.9748278856277466, 0.9834626317024231, 0.9901032447814941, 0.9934331178665161, 0.9966627359390259], "val_loss": [0.6689603328704834, 0.6398822665214539, 0.5696249604225159, 0.5950603485107422, 0.5575726628303528, 0.541542649269104, 0.5883830189704895, 0.6955081224441528, 0.5770500898361206, 0.6864100098609924, 0.7101684212684631, 0.7177013158798218, 0.969444751739502, 0.7875341773033142, 0.9356017112731934], "val_accuracy": [0.6181034445762634, 0.655434787273407, 0.7071428298950195, 0.6969696879386902, 0.7426406741142273, 0.7534632086753845, 0.743534505367279, 0.7432900667190552, 0.7732608914375305, 0.7673160433769226, 0.7745652198791504, 0.790517270565033, 0.7554348111152649, 0.7846320271492004, 0.7807359099388123]}