{"loss": [0.7495911717414856, 0.6954983472824097, 0.6839401125907898, 0.6649698615074158, 0.6402289271354675, 0.630258321762085, 0.611695408821106, 0.5968214273452759, 0.579535186290741, 0.5697296857833862, 0.5464670658111572, 0.5217058062553406, 0.5076867938041687, 0.499559223651886, 0.4609837532043457], "accuracy": [0.5895683169364929, 0.6363440752029419, 0.6422654986381531, 0.6613198518753052, 0.6699525713920593, 0.681128203868866, 0.6898666024208069, 0.7030273675918579, 0.7122418284416199, 0.7205296754837036, 0.7324254512786865, 0.7464985847473145, 0.7619765400886536, 0.7639681100845337, 0.7850145101547241], "val_loss": [0.7745705246925354, 0.8129903674125671, 0.7136503458023071, 0.7187650203704834, 0.8052735328674316, 0.7062280774116516, 0.7157526016235352, 0.7129423022270203, 0.6456272602081299, 0.623152494430542, 0.6212031841278076, 0.806084156036377, 0.6570643186569214, 0.8410685658454895, 0.6425197124481201], "val_accuracy": [0.5846320390701294, 0.5958874225616455, 0.6305195093154907, 0.637499988079071, 0.6504310369491577, 0.6523809432983398, 0.6586580276489258, 0.6709051728248596, 0.6896551847457886, 0.7073593139648438, 0.706250011920929, 0.6439655423164368, 0.7215517163276672, 0.6659482717514038, 0.7114224433898926]}