{"loss": [0.7535868883132935, 0.7492228746414185, 0.7525417804718018, 0.7487096190452576, 0.7464271187782288, 0.7488177418708801, 0.7456403374671936, 0.7374377846717834, 0.7354203462600708, 0.7385157942771912, 0.7359404563903809, 0.7336280941963196, 0.728178858757019, 0.7177801132202148, 0.7076181173324585], "accuracy": [0.5310044288635254, 0.5356873869895935, 0.5333476662635803, 0.5416083335876465, 0.5369791984558105, 0.5371687412261963, 0.5377327799797058, 0.5558187365531921, 0.562008798122406, 0.5541500449180603, 0.562661349773407, 0.5655614137649536, 0.57729572057724, 0.5944839715957642, 0.6087307333946228], "val_loss": [0.7999682426452637, 0.827286958694458, 0.9308678507804871, 0.8411986827850342, 0.8181785941123962, 0.7533734440803528, 0.7906855940818787, 0.8311313390731812, 1.3719196319580078, 1.103281855583191, 1.0574259757995605, 0.9639258980751038, 0.9145708680152893, 1.0370750427246094, 0.9383406043052673], "val_accuracy": [0.528232753276825, 0.5612553954124451, 0.5101731419563293, 0.5541125535964966, 0.5158695578575134, 0.5354978442192078, 0.5409091114997864, 0.5595238208770752, 0.5690476298332214, 0.5608224868774414, 0.5692640542984009, 0.5741379261016846, 0.5738095045089722, 0.5989224314689636, 0.5874999761581421]}