{"loss": [0.7394561171531677, 0.7315987944602966, 0.7301392555236816, 0.7237326502799988, 0.7170470356941223, 0.7139630317687988, 0.7058875560760498, 0.6884715557098389, 0.6601742506027222, 0.6430959701538086, 0.6244533658027649, 0.6015047430992126, 0.5802484154701233, 0.5687988996505737, 0.5477195978164673], "accuracy": [0.5252448916435242, 0.5370869040489197, 0.5390784740447998, 0.5553342700004578, 0.5524814128875732, 0.5535714030265808, 0.5744990110397339, 0.6042383909225464, 0.6381203532218933, 0.6544299721717834, 0.6723227500915527, 0.6905120611190796, 0.7073958516120911, 0.7142319083213806, 0.7294111251831055], "val_loss": [0.7745269536972046, 0.7512686848640442, 0.8392636775970459, 0.7355472445487976, 0.7302903532981873, 0.7600231170654297, 0.733177125453949, 0.6737619042396545, 0.6980204582214355, 0.6482798457145691, 0.6748364567756653, 0.6087788343429565, 0.7500317096710205, 0.5896403193473816, 0.8579075336456299], "val_accuracy": [0.5262930989265442, 0.5469697117805481, 0.5372844934463501, 0.5523809790611267, 0.5545258522033691, 0.5757575631141663, 0.5629870295524597, 0.6532467603683472, 0.6075757741928101, 0.6709956526756287, 0.6694805026054382, 0.6764069199562073, 0.679741382598877, 0.6931034326553345, 0.7125540971755981]}